Id,Name,Country,NumberOfEmployees
001fo000008eWHgAAM,AutoAcct-rei-20251021-autotest-0b7e2b0b,US,411
001fo000008fgZlAAI,AutoAcct-rei-20251021-autotest-d406e85d,GB,78
001fo000008eWmCAAU,AutoAcct-rei-20251021-autotest-e6590606,DE,33
001fo000008fNLtAAM,AutoAcct-rei-20251021-autotest-924de9e8,FR,45
001fo000008ffkAAAQ,AutoAcct-rei-20251021-autotest-7f170314,UA,115
001fo000008fMrFAAU,AutoAcct-rei-20251021-autotest-06ab4064,US,321
001fo000008fgMtAAI,AutoAcct-rei-20251021-autotest-b4dd8674,GB,55
001fo000008fgZmAAI,AutoAcct-rei-20251021-autotest-4c472edf,DE,82
001fo000008ffx5AAA,AutoAcct-rei-20251021-autotest-1ab50a2f,FR,82
001fo000008ffKNAAY,AutoAcct-rei-20251021-autotest-2c0f5c2b,UA,42
